JID,Role
280152261017711@lid,member
177519621832899@lid,member
239337069363361@lid,member
241978709172419@lid,member
143370403983530@lid,member
51848878759957@lid,member
155142842220718@lid,member
139075839328465@lid,member
24486061584405@lid,member
32766506832038@lid,member
170390412333309@lid,member
250534099468534@lid,member
52884083335327@lid,member
278232326754372@lid,member
10127683924222@lid,member
93810893795462@lid,member
168534667722948@lid,member
235738037776585@lid,member
116105985151059@lid,member
104887497044047@lid,member
22883703251006@lid,member
277459534659727@lid,member
55688713744456@lid,member
250611593404424@lid,member
254506944168002@lid,member
28896590348320@lid,member
215800782815283@lid,member
202537873494067@lid,member
77262636490862@lid,member
34063603785816@lid,member
70278734413945@lid,member
116715786600553@lid,member
141411882160315@lid,member
52398735241278@lid,member
278438501953617@lid,member
72241987510332@lid,member
22166393336041@lid,member
112751582126200@lid,member
163054239105036@lid,member
29309041410069@lid,member
166232833708259@lid,member
214812906778843@lid,member
203216562200581@lid,member
14388845113505@lid,member
245208809734393@lid,member
241867258101883@lid,admin
245590810198020@lid,member
18369759715565@lid,member
150255152689384@lid,member
106785906155704@lid,member
197744673177698@lid,member
178743704342607@lid,member
238044334571720@lid,member
143632497692728@lid,member
135382184230955@lid,member
198942952321208@lid,member
267275865170011@lid,member
132332354842750@lid,member
225640536141894@lid,member
16879238295567@lid,member
158767928893445@lid,member
238259250688251@lid,member
149400672313568@lid,member
133397422854223@lid,member
172004950962375@lid,member
266790970077380@lid,member
158175105925220@lid,member
85749072412926@lid,member
106897659146280@lid,member
62866090676261@lid,admin
996533121145@lid,member
16110590152871@lid,member
183030064926769@lid,member
38448614396132@lid,member
52334646268158@lid,member
236188858323119@lid,member
120525422629063@lid,member
203091941003403@lid,member
265042515742739@lid,member
112077339418844@lid,member
195395359617263@lid,member
28093481783459@lid,member
165253564383366@lid,member
53983477514426@lid,member
145629573574889@lid,member
206914529058823@lid,member
166593191497918@lid,member
206918807232583@lid,member
42928265253031@lid,member
61920610623528@lid,member
177472427577461@lid,member
138310915739700@lid,member
54743804194947@lid,member
258071800590562@lid,member
146205048864895@lid,member
192006664011804@lid,member
166984150962254@lid,member
264436958945456@lid,member
175681510109200@lid,member
223815141449790@lid,member
16815065432315@lid,member
259351734444125@lid,member
243799657824398@lid,member
231468823515203@lid,member
200579435520160@lid,member
106575335309339@lid,member
126581494276349@lid,member
5441790734537@lid,member
90804299247774@lid,member
31224445857816@lid,member
228887564951728@lid,member
54799638741094@lid,member
156440476029148@lid,member
23150007943356@lid,member
98951801913486@lid,member
153966541328559@lid,member
30764985012382@lid,member
243254096302306@lid,member
262435990679584@lid,admin
11137353560193@lid,member
175694831194258@lid,member
119567779131539@lid,member
134776224780395@lid,member
21835697672208@lid,member
232112984690711@lid,member
104835890307314@lid,member
126882024529980@lid,member
146836576796859@lid,member
149147084665031@lid,member
231223943258232@lid,member
169037178884273@lid,member
145075589877888@lid,member
137568003854449@lid,member
188150152466512@lid,member
250568845095044@lid,member
112893467070518@lid,member
37216092958964@lid,member
93643843104788@lid,member
16767703351318@lid,member
189665940353249@lid,member
66232892026982@lid,member
238680073588754@lid,member
167259045675104@lid,member
269968927150129@lid,member
86294583615678@lid,member
258703211110638@lid,member
208288784334893@lid,member
21071143125070@lid,member
218167209132088@lid,member
244718730490036@lid,member
257217102086372@lid,member
83537164255423@lid,member
90293382693106@lid,member
128999929978985@lid,member
62350073794763@lid,member
129248903872572@lid,member
27543994421300@lid,member
149181394063491@lid,member
96800006533318@lid,member
69969748471825@lid,member
81033298972907@lid,member
47163203711154@lid,member
158183846850632@lid,member
253128360341700@lid,member
69651535020137@lid,member
164153733984336@lid,member
190937418444985@lid,member
247845869371402@lid,member
134630111998126@lid,member
197044895482106@lid,member
161400794124374@lid,member
166752575037503@lid,member
207442759663691@lid,member
270535846035587@lid,member
247781025411216@lid,member
101262611726427@lid,member
61109214142634@lid,member
188012629594359@lid,member
267211776225466@lid,member
248081706668202@lid,member
136855123161199@lid,member
174122336309459@lid,member
89558742003733@lid,member
264329618268209@lid,member
192659398328543@lid,member
103710659186834@lid,member
93986786148431@lid,member
216393370861721@lid,member
220572491448362@lid,member
39118729928933@lid,member
15277299339323@lid,member
86140098994366@lid,member
237851061026910@lid,member
228745864544426@lid,member
50251150954695@lid,member
28291033493601@lid,member
80109763584063@lid,member
46785112318085@lid,member
272215077580984@lid,member
220550899171428@lid,member
193080925917189@lid,member
55177730080866@lid,member
263277284212970@lid,member
25946065215541@lid,member
58209926660184@lid,member
183713132478656@lid,member
224902288265458@lid,member
62118145577204@lid,member
211789384020203@lid,member
109169495507190@lid,member
195927969140915@lid,member
261718311710950@lid,member
141854314123374@lid,member
168899756695783@lid,member
160434225168479@lid,member
113520314196103@lid,member
167379338301536@lid,member
76673907195919@lid,member
23205842542736@lid,member
22596024324115@lid,member
104994921549943@lid,member
52424421183672@lid,member
210492756893938@lid,member
101494556745798@lid,member
195713724055765@lid,member
88742731739276@lid,member
129012378652680@lid,member
180989972213994@lid,member
106566745354273@lid,member
145114143924328@lid,member
117403333718178@lid,member
93364150137002@lid,member
159270423290101@lid,member
116432402681879@lid,member
251865623228525@lid,member
171012746420417@lid,member
12803448553646@lid,member
253030213660746@lid,member
19525022040076@lid,member
27380433342702@lid,member
276007667933384@lid,member
64235816140908@lid,member
174294319542407@lid,member
136764660445199@lid,member
252930691215444@lid,member
48675048976497@lid,member
35197408035034@lid,member
174423118217459@lid,member
176630613950611@lid,member
64901687046399@lid,member
197113396871318@lid,member
181441346449562@lid,member
164042199032061@lid,member
94601218146322@lid,member
48679226449969@lid,member
22059371520127@lid,member
202207546851417@lid,member
104101467689077@lid,member
198826937811196@lid,member
127028103790658@lid,member
178898373476444@lid,member
158858542587909@lid,member
201558671245455@lid,member
109113828737184@lid,member
134415464271935@lid,member
94102783819870@lid,member
125262838653151@lid,member
21114227028105@lid,member
16930878537747@lid,member
263642356428844@lid,member
190726629507269@lid,member
139882907349141@lid,member
172151063715879@lid,member
75999479906381@lid,member
244474001264863@lid,member
222586831159431@lid,member
63449719685144@lid,member
151157112569869@lid,member
100261884362975@lid,member
112704337535092@lid,member
224794494668801@lid,member
243546321887476@lid,member
194394665779351@lid,member
143104199921899@lid,member
70102489808996@lid,member
96100128141400@lid,member
152312827891772@lid,member
99673473835223@lid,member
274255203803276@lid,member
84486335287347@lid,member
93948282462234@lid,member
89593034588409@lid,member
118120408699134@lid,member
84503548678151@lid,member
173203280412704@lid,member
86702639050960@lid,member
132869141823514@lid,member
206678272249908@lid,member
3363043299441@lid,member
124365207253049@lid,member
190284298231951@lid,member
92385300242663@lid,member
278206657634385@lid,member
250624612528149@lid,member
140398219522280@lid,member
119971388600539@lid,member
19791377088598@lid,member
24326829043728@lid,member
155379199672407@lid,member
174130909458588@lid,member
139131355168863@lid,member
276608946577444@lid,member
231146633871362@lid,member
32500084650079@lid,member
62586380877895@lid,member
31336316276981@lid,member
203624533725246@lid,member
263951661154337@lid,member
277455004762163@lid,member
223016311119894@lid,member
17824181424301@lid,member
180788209389817@lid,member
115663804878850@lid,member
29235976614077@lid,member
102091423002769@lid,member
224480827846762@lid,member
162092200030407@lid,member
30142181150957@lid,member
216603958452261@lid,member
21398080749633@lid,member
279671124000879@lid,member
27041583898640@lid,admin
15389018861660@lid,member
40600409759977@lid,member
75673179799678@lid,member
139822677123191@lid,member
20169233547413@lid,member
64759651156145@lid,member
13494921470004@lid,member
61194794713227@lid,member
244641857310745@lid,member
153055521714301@lid,member
78087152763064@lid,member
118382418505957@lid,member
16192060305509@lid,member
136820595679273@lid,member
167843060547624@lid,member
66877070029031@lid,member
123918547456154@lid,member
207094766694417@lid,member
192822690992213@lid,member
67676017848504@lid,member
203173646090384@lid,member
89940994068600@lid,member
78224860139771@lid,member
2998524719229@lid,member
129635132117007@lid,member
187033075069168@lid,member
252020242034839@lid,member
87037898129558@lid,member
51308266524881@lid,member
162452994011146@lid,member
139771556958270@lid,member
20152406020279@lid,member
9225975631974@lid,member
157449290010811@lid,member
143761313120369@lid,member
10273746354343@lid,member
118112104009773@lid,member
96241694290032@lid,member
116840474927239@lid,member
157801729024036@lid,member
140535759134853@lid,member
180595237900320@lid,member
118712996741235@lid,member
57363901988917@lid,member
24846436151357@lid,member
112781864992901@lid,member
121951334969487@lid,member
268410122453146@lid,member
274568803553405@lid,member
108306240667657@lid,member
262345309863965@lid,member
173134527361048@lid,member
89597832912947@lid,member
275466401398809@lid,member
105158147096628@lid,member
269767046889665@lid,member
177094436892917@lid,member
117261297815621@lid,member
104672681558059@lid,admin
7989192876228@lid,member
37078855319586@lid,superadmin
180200050561217@lid,member
112725795598560@lid,member
220752829800655@lid,member
257758368674006@lid,member
107490247217154@lid,member
20268034588726@lid,member
264905026461862@lid,member
273731687559249@lid,member
187045959991332@lid,member
132461254160502@lid,member
190009370013700@lid,member
243486595006704@lid,member
18391066771487@lid,member
83640360910931@lid,member
100416536756317@lid,member
203873557991661@lid,member
12051778936936@lid,member
149486437412962@lid,member
97006601154581@lid,member
239122975297613@lid,member
241338608054368@lid,member
197156329808020@lid,member
125537750114416@lid,member
29480672296975@lid,member
266348135460879@lid,member
108289027264555@lid,member
103165181620325@lid,member
280822259134658@lid,member
97942585262207@lid,member
80195813929155@lid,member
155701238354172@lid,member
26792526110915@lid,member
29945183105117@lid,member
72340150980683@lid,member
125400277581841@lid,member
272648835719379@lid,member
15011279798457@lid,member
38809760755966@lid,member
167697199423537@lid,member
160477359398961@lid,member
33926064144411@lid,member
277437892051088@lid,member
172331385286745@lid,member
3659362504893@lid,member
226366268170479@lid,member
103057773830169@lid,member
127878373109782@lid,member
26306708279331@lid,member
151054150840402@lid,member
146269523681483@lid,member
125219771551863@lid,member
276544488480840@lid,member
207515707023459@lid,member
243756624310463@lid,member
152527190368299@lid,member
88025572835384@lid,member
20822353797166@lid,member
101576060481542@lid,member
238143152345328@lid,member
128771810177172@lid,member
168311446835427@lid,member
196920073015335@lid,member
245127104725131@lid,member
272082034229309@lid,member
11352118698214@lid,member
7245643440295@lid,member
85920887894249@lid,member
28334033486075@lid,member
43005624999986@lid,member
151243079057601@lid,member
157492306829394@lid,member
106356359090282@lid,member
77146303295602@lid,member
162998370971898@lid,member
210406203228213@lid,member
136829152014526@lid,member
38169491861611@lid,member
116878995394814@lid,member
124094607569094@lid,member
232675944186047@lid,member
114405077450980@lid,member
120499686396074@lid,member
120220479950909@lid,member
197706085605434@lid,member
203207821246643@lid,member
64790252802064@lid,member
5695176998927@lid,member
85779254620397@lid,member
21870426497128@lid,member
62118162362552@lid,member
224940976509091@lid,member
138444177178789@lid,member
111557614780568@lid,member
135321702371363@lid,member
110900400881718@lid,member
108314880905335@lid,member
273452095242320@lid,member
95876571726009@lid,member
13533509099589@lid,member
208009712120058@lid,member
116445203718377@lid,member
55027221688553@lid,member
24584510263323@lid,member
64016890200138@lid,member
231473051361361@lid,member
251127174049794@lid,member
13842746712220@lid,member
182729769492576@lid,member
64368725258297@lid,member
44362767536209@lid,member
109457291927614@lid,member
257182675251241@lid,member
68827001925759@lid,member
241175432831075@lid,member
226336203350081@lid,member
277601000104134@lid,member
278378808606734@lid,member
233573793677501@lid,member
184314327232604@lid,member
196825566990535@lid,member
124142204502249@lid,member
186694225649771@lid,member
67753109115123@lid,member
256783411068968@lid,member
103959817658517@lid,member
119116824313898@lid,member
40510802637053@lid,member
229136689795234@lid,member
200244293820624@lid,member
189652921278546@lid,member
96663054086225@lid,member
23768449695750@lid,member
173417911288053@lid,member
